{"name":"AppointmentTypeValue","identifier":"KBPPHAO688","description":"Type of dentist appointment to schedule","slotTypeValues":[{"synonyms":null,"sampleValue":{"value":"cleaning"}},{"synonyms":null,"sampleValue":{"value":"root canal"}},{"synonyms":null,"sampleValue":{"value":"whitening"}},{"synonyms":null,"sampleValue":{"value":"I would like to do this. what services do you provide"}}],"parentSlotTypeSignature":null,"valueSelectionSetting":{"resolutionStrategy":"ORIGINAL_VALUE","regexFilter":null}}